类别,指标,数值,单位,时点,来源,链接
全国房价,二手住宅价格同比·一线城市,-2.7,%,2026-08,国家统计局,https://www.stats.gov.cn/xxgk/jd/sjjd2020/202609/t20260915_1965303.html
全国房价,二手住宅价格同比·二线城市,-4.9,%,2026-08,国家统计局,https://www.stats.gov.cn/xxgk/jd/sjjd2020/202609/t20260915_1965303.html
全国房价,二手住宅价格同比·三线城市,-5.6,%,2026-08,国家统计局,https://www.stats.gov.cn/xxgk/jd/sjjd2020/202609/t20260915_1965303.html
全国房价,二手住宅价格环比·二线城市,-0.3,%,2026-08,国家统计局,https://www.stats.gov.cn/xxgk/jd/sjjd2020/202609/t20260915_1965303.html
武汉房价,二手住宅价格同比(中指),-13.14,%,2026-01,中指研究院/腾讯新闻,https://news.qq.com/rain/a/20260407A04X9B00
武汉房价,二手住宅价格同比(中指),-12.66,%,2026-03,中指研究院/腾讯新闻,https://news.qq.com/rain/a/20260414A01HLI00
武汉房价,二手住宅均价(中指),12893,元/㎡,2026-07,中指研究院/腾讯新闻,https://news.qq.com/rain/a/20260904A049CV00
武汉房价,二手住宅价格同比(中指),-10.40,%,2026-07,中指研究院/腾讯新闻,https://news.qq.com/rain/a/20260904A049CV00
武汉房价,二手住宅价格环比(中指),-0.62,%,2026-07,中指研究院/腾讯新闻,https://news.qq.com/rain/a/20260904A049CV00
武汉房价,二手住宅价格环比(统计局),+0.2,%,2024-12,武汉市住房和城市更新局,https://zgj.wuhan.gov.cn/zwdt/jdxw/202501/t20250121_2521558.shtml
武汉成交,二手住房网签,58400,套,2026-01至07,武汉市住房和城市更新局/腾讯新闻,https://news.qq.com/rain/a/20260904A049CV00
武汉成交,新建住房网签,61265,套,2026-01至08,武汉市住房和城市更新局/腾讯新闻,https://news.qq.com/rain/a/20260914A04F4Y00
武汉成交,新建住房成交,9243,套,2026-05,武汉市住房和城市更新局,https://www.ctdsb.net/c1737_202606/2760545.html
武汉成交,东湖高新区新房成交,9423,套,2026-H1,网易/汉房社,https://c.m.163.com/news/a/L33GV38205352LE9.html
武汉结构,四代住宅在新房成交中占比,22→48,%,2026-01→2026-05,中指研究院/腾讯新闻,https://news.qq.com/rain/a/20260904A049CV00
武汉库存,二手房挂牌量高点,约180000,套,2025年中,媒体口径,https://news.qq.com/rain/a/20260914A04F4Y00
武汉库存,二手房挂牌量,134100,套,2026-07,湖北中原/腾讯新闻,https://news.qq.com/rain/a/20260730A04ZV300
武汉库存,二手挂牌量较历史高点降幅,-13,%,2026-06末,易居研究院,https://m.henan100.com/news/2026/1243256.shtml
武汉库存,新房狭义可售库存,13813900,㎡,2026-08末,机构口径/腾讯新闻,https://news.qq.com/rain/a/20260918A030QP00
武汉库存,新房去化周期,26.2,月,2026-08末,机构口径/腾讯新闻,https://news.qq.com/rain/a/20260918A030QP00
全国宏观,GDP同比,4.7,%,2026-H1,国家统计局/格隆汇,https://m.gelonghui.com/p/5577294
全国宏观,房地产开发投资同比,-18.0,%,2026-01至06,国家统计局,https://www.stats.gov.cn/xxgk/sjfb/zxfb2020/202607/t20260715_1964126.html
全国宏观,房屋新开工面积同比,-23.4,%,2026-01至06,国家统计局,https://www.stats.gov.cn/xxgk/sjfb/zxfb2020/202607/t20260715_1964126.html
全国宏观,房屋竣工面积同比,-23.7,%,2026-01至06,国家统计局,https://www.stats.gov.cn/xxgk/sjfb/zxfb2020/202607/t20260715_1964126.html
全国宏观,新建商品房销售面积同比,-11.6,%,2026-01至06,国家统计局,https://www.stats.gov.cn/xxgk/sjfb/zxfb2020/202607/t20260715_1964126.html
全国宏观,新建商品房销售额同比,-13.6,%,2026-01至06,国家统计局,https://www.stats.gov.cn/xxgk/sjfb/zxfb2020/202607/t20260715_1964126.html
全国宏观,房企到位资金同比,-20.2,%,2026-01至06,国家统计局,https://www.stats.gov.cn/zwfwck/sjfb/202607/t20260715_1964126.html
全国宏观,二手房网签面积同比,10.2,%,2026-01至06,中指研究院/第一财经,https://www.yicai.com/news/103300778.html
武汉宏观,GDP,22147.35,亿元,2025,武汉市统计局,https://www.itiger.com/news/1156801141
武汉宏观,GDP同比,5.6,%,2025,武汉市统计局,https://www.itiger.com/news/1156801141
武汉宏观,GDP,11236.42,亿元,2026-H1,武汉市统计局/网易,https://c.m.163.com/news/a/L33GV38205352LE9.html
武汉宏观,GDP同比,5.7,%,2026-H1,武汉市统计局/网易,https://c.m.163.com/news/a/L33GV38205352LE9.html
利率,5年期以上LPR,3.5,%,2026-09-20,中国人民银行/每日经济新闻,https://www.mrjjxw.com/articles/2026-09-20/4586489.html
利率,个人住房新发放贷款利率,约3.1,%,2026-06,中国人民银行/澎湃,https://m.thepaper.cn/detail/33617738
利率,首套公积金贷款利率(5年以上),2.6,%,2025-05-08起,每日经济新闻,https://www.mrjjxw.com/articles/2026-09-20/4586489.html
利率,商业银行净息差,1.40,%,2026-Q1末,华尔街见闻,https://wallstreetcn.com/articles/3775151
信贷,个人住房贷款最长期限,40,年,2026-08,上海证券报,https://www.cnfin.com/gs-lb/detail/20260903/4464329_1.html
全国人口,年末总人口,140489,万人,2025,国家统计局,https://www.zizzs.com/gk/qiangjijihua/215583.html
全国人口,总人口变动,-339,万人,2025,国家统计局,https://www.zizzs.com/gk/qiangjijihua/215583.html
全国人口,出生人口,792,万人,2025,国家统计局,https://www.zizzs.com/gk/qiangjijihua/215583.html
全国人口,出生人口,954,万人,2024,国家统计局/界面,https://www.jiemian.com/article/12261229.html
全国人口,出生人口,902,万人,2023,国家统计局/第一财经,https://www.yicai.com/news/103338525.html
全国人口,出生人口,956,万人,2022,国家统计局/第一财经,https://www.yicai.com/news/103338525.html
全国人口,出生人口,1062,万人,2021,国家统计局/第一财经,https://www.yicai.com/news/103338525.html
全国人口,60岁及以上占比,23.0,%,2025,国家统计局,https://post.smzdm.com/p/a9k2rx2e/
全国人口,城镇化率,67.89,%,2025,国家统计局,https://post.smzdm.com/p/a9k2rx2e/
武汉人口,年末常住人口,1386.19,万人,2025,武汉市统计公报,https://tjj.wuhan.gov.cn/tjfw/tjgb/202604/t20260408_2750693.shtml
武汉人口,年末常住人口,1380.91,万人,2024,武汉市统计公报,https://www.hongheiku.com/shijirenkou/801.html
武汉人口,年末常住人口,1377.40,万人,2023,武汉市统计公报,https://www.hongheiku.com/shijirenkou/801.html
武汉人口,年末常住人口,1373.90,万人,2022,武汉市统计公报,https://www.hongheiku.com/shijirenkou/801.html
武汉人口,年末常住人口,1364.89,万人,2021,武汉市统计公报,https://zgrkk.com/city/41.html
武汉人口,常住人口城镇化率,85.22,%,2025,武汉市统计公报,https://tjj.wuhan.gov.cn/tjfw/tjgb/202604/t20260408_2750693.shtml
武汉人口,留汉来汉高校毕业生,31.4,万人,2025,武汉市人民政府,https://www.wuhan.gov.cn/sy/whyw/202605/t20260527_2769443.shtml
湖北人口,年末常住人口,5811,万人,2025,湖北省统计公报/网易,https://www.163.com/dy/article/L0GKELGG05563SPX.html
湖北人口,常住人口变动,-23,万人,2025,湖北省统计公报/网易,https://www.163.com/dy/article/L0GKELGG05563SPX.html
光谷产业,光电子信息产业规模,超6500,亿元,2025,湖北日报/投资界,https://news.pedaily.cn/202605/563733.shtml
光谷产业,光谷经济总量占武汉GDP比重,15以上,%,2025,湖北日报/投资界,https://news.pedaily.cn/202605/563733.shtml
小区信息,竣工年份,2017,年,-,安居客,https://m.anjuke.com/wh/community/794727/
小区信息,房屋总数,2502,户,-,贝壳,https://wh.ke.com/xiaoqu/3711063607396/
小区信息,物业费,2.8,元/㎡·月,-,房天下,https://www.fang.com/xiaoqu/wuhan-2611137634/
小区信息,历史参考均价(约2021年前后),18601~19340,元/㎡,-,链家/贝壳,https://wh.lianjia.com/xiaoqu/3711063607396/
