序号,截图编号,状态,成交日期,户型(原始),户型,建筑面积(㎡),面积段,楼层段,总层数,朝向,南北通透,首图观感(目测),成交总价(万元),平台单价(元/㎡),核算单价(元/㎡)
1,1,已成交,2026-09-10,3-2-1-2,3室2厅2卫,113.37,106-117㎡,高,33,东南,否,有装修,137,12084,12084
2,1,已过户,2026-09-04,2-1-1-1,2室1厅1卫,76.1,75-77㎡,高,33,南,否,有装修,81,10644,10644
3,1,已成交,2026-08-28,3-2-1-2,3室2厅2卫,109.99,106-117㎡,中,33,南,否,有装修,140,12728,12728
4,1,已过户,2026-08-27,3-2-1-2,3室2厅2卫,115.97,106-117㎡,低,33,"南,南,北",是,有装修,145,12503,12503
5,2,已过户,2026-08-25,3-2-1-2,3室2厅2卫,109.99,106-117㎡,高,33,南,否,户型图,124,11272,11274
6,2,已过户,2026-08-25,3-2-1-1,3室2厅1卫,96.0,94-97㎡,低,33,南,否,无图,113.8,11854,11854
7,2,已过户,2026-08-24,4-1-1-2,4室1厅2卫,163.87,150㎡以上,低,11,东南,否,毛坯,232,14158,14158
8,2,已过户,2026-08-18,2-2-1-1,2室2厅1卫,76.1,75-77㎡,中,33,南,否,户型图,98.8,12983,12983
9,3,已过户,2026-08-16,3-2-1-1,3室2厅1卫,96.39,94-97㎡,中,33,南,否,有装修,123,12761,12761
10,3,已过户,2026-08-08,2-1-1-1,2室1厅1卫,96.39,94-97㎡,中,33,"南,北",是,有装修,121,12553,12553
11,3,已过户,2026-08-03,1-1-1-1,1室1厅1卫,46.6,60㎡以下,高,22,南,否,毛坯,33,7082,7082
12,3,已过户,2026-07-30,2-2-1-1,2室2厅1卫,75.69,75-77㎡,高,33,南,否,有装修,81,10702,10702
13,4,已过户,2026-07-25,3-2-1-2,3室2厅2卫,115.97,106-117㎡,中,33,南,否,毛坯,146.5,12633,12633
14,4,已过户,2026-07-18,2-2-1-1,2室2厅1卫,75.46,75-77㎡,中,33,南,否,有装修,82,10867,10867
15,4,已过户,2026-07-14,1-1-1-1,1室1厅1卫,38.52,60㎡以下,中,22,北,否,毛坯,29,7529,7529
16,4,已过户,2026-07-11,2-2-1-1,2室2厅1卫,75.68,75-77㎡,高,33,南,否,有装修,89.2,11780,11786
17,5,已过户,2026-07-05,3-2-1-2,3室2厅2卫,116.39,106-117㎡,中,33,南,否,有装修,137.5,11814,11814
18,5,已过户,2026-06-22,3-2-1-1,3室2厅1卫,96.39,94-97㎡,低,33,南,否,有装修,113,11723,11723
19,5,已过户,2026-06-14,3-2-1-2,3室2厅2卫,116.4,106-117㎡,中,33,"南,北",是,有装修,141,12113,12113
20,5,已过户,2026-06-09,2-2-1-1,2室2厅1卫,76.1,75-77㎡,中,33,南,否,有装修,87,11432,11432
21,6,已过户,2026-05-31,3-2-1-2,3室2厅2卫,114.65,106-117㎡,高,33,"南,北",是,有装修,123.5,10772,10772
22,6,已过户,2026-05-16,3-2-1-2,3室2厅2卫,116.04,106-117㎡,中,33,东南,否,毛坯,140,12065,12065
23,6,已过户,2026-05-14,3-2-1-1,3室2厅1卫,96.39,94-97㎡,中,33,东南,否,毛坯,108,11204,11204
24,6,已过户,2026-05-13,3-2-1-1,3室2厅1卫,96.39,94-97㎡,中,33,南,否,户型图,111.6,11578,11578
25,7,已过户,2026-04-10,3-2-1-2,3室2厅2卫,124.3,124㎡,高,33,东南,否,有装修,161,12953,12953
26,7,已过户,2026-04-08,3-2-1-2,3室2厅2卫,113.37,106-117㎡,低,33,南,否,有装修,112,9879,9879
27,7,已过户,2026-04-05,3-2-1-2,3室2厅2卫,124.3,124㎡,中,33,南,否,有装修,168,13516,13516
28,7,已过户,2026-03-29,3-2-1-1,3室2厅1卫,96.39,94-97㎡,高,33,南,否,有装修,124,12864,12864
29,8,已过户,2026-03-29,3-2-1-2,3室2厅2卫,116.07,106-117㎡,低,33,南,否,空房(不明),137,11803,11803
30,8,已过户,2026-03-15,3-2-1-2,3室2厅2卫,109.99,106-117㎡,高,33,南,否,有装修,100.5,9137,9137
31,8,已过户,2026-03-11,2-1-1-1,2室1厅1卫,75.46,75-77㎡,中,33,东南,否,有装修,85,11264,11264
32,8,已过户,2026-03-09,3-2-1-1,3室2厅1卫,96.86,94-97㎡,低,33,南,否,有装修,97,10014,10014
33,9,已过户,2026-03-06,3-2-1-2,3室2厅2卫,113.37,106-117㎡,低,33,南,否,有装修,148.4,13090,13090
34,9,已过户,2026-03-03,3-2-1-2,3室2厅2卫,109.99,106-117㎡,高,33,南,否,有装修,121.8,11074,11074
35,9,已过户,2026-03-01,3-2-1-1,3室2厅1卫,96.39,94-97㎡,低,33,南,否,有装修,98.8,10250,10250
36,9,已过户,2026-01-31,3-2-1-1,3室2厅1卫,94.86,94-97㎡,高,33,南,否,有装修,103.5,10911,10911
37,10,已过户,2025-12-18,2-2-1-1,2室2厅1卫,76.1,75-77㎡,低,33,南,否,有装修,76,9987,9987
38,10,已过户,2025-12-18,2-2-1-1,2室2厅1卫,75.68,75-77㎡,中,33,南,否,有装修,72,9514,9514
39,10,已过户,2025-12-16,3-2-1-1,3室2厅1卫,96.4,94-97㎡,高,33,东南,否,有装修,107.5,11151,11151
40,10,已过户,2025-12-08,3-2-1-2,3室2厅2卫,124.3,124㎡,高,33,南,否,有装修,168,13516,13516
41,11,已过户(标签被截断),2025-12-06,3-2-1-2,3室2厅2卫,106.41,106-117㎡,低,33,"南,北",是,有装修,129.9,12206,12207
42,11,已过户,2025-11-29,2-2-1-1,2室2厅1卫,75.46,75-77㎡,高,33,南,否,有装修,78,10337,10337
43,11,已过户,2025-11-28,2-2-1-1,2室2厅1卫,76.1,75-77㎡,高,33,"南,北",是,有装修,78,10250,10250
44,11,已过户,2025-11-24,3-1-1-2,3室1厅2卫,96.86,94-97㎡,低,33,"东,南",否,有装修,101,10427,10427
45,12,已过户,2025-11-17,3-2-1-1,3室2厅1卫,96.39,94-97㎡,高,33,南,否,毛坯,103,10686,10686
46,12,已过户,2025-11-12,3-2-1-1,3室2厅1卫,96.39,94-97㎡,高,33,南,否,有装修,102,10582,10582
47,12,已过户,2025-11-11,3-2-1-1,3室2厅1卫,96.39,94-97㎡,高,33,南,否,有装修,108,11204,11204
48,12,已过户,2025-11-10,2-2-1-1,2室2厅1卫,75.69,75-77㎡,低,33,南,否,有装修,73,9645,9645
49,13,已过户,2025-11-09,3-1-1-1,3室1厅1卫,96.39,94-97㎡,中,33,南,否,有装修,112,11619,11619
50,13,已过户,2025-11-05,3-2-1-1,3室2厅1卫,96.39,94-97㎡,高,33,南,否,毛坯,101,10478,10478
51,13,已过户,2025-11-04,3-2-1-2,3室2厅2卫,116.04,106-117㎡,中,33,南,否,空房(不明),143,12323,12323
52,13,已过户,2025-11-01,2-2-1-1,2室2厅1卫,75.4,75-77㎡,高,33,南,否,有装修,78.3,10378,10385
53,14,已过户,2025-10-31,3-2-1-2,3室2厅2卫,109.99,106-117㎡,低,33,"南,北",是,有装修,133,12092,12092
54,14,已过户,2025-10-29,3-2-1-2,3室2厅2卫,116.07,106-117㎡,高,33,南,否,有装修,146.5,12622,12622
55,14,已过户,2025-10-27,3-2-1-2,3室2厅2卫,109.99,106-117㎡,低,33,南,否,有装修,155,14092,14092
56,14,已过户,2025-10-25,3-2-1-1,3室2厅1卫,94.86,94-97㎡,低,33,南,否,空房(不明),100.3,10573,10573
57,15,已过户,2025-10-19,3-2-1-2,3室2厅2卫,115.97,106-117㎡,高,33,南,否,有装修,141.8,12227,12227
58,15,已过户,2025-10-13,3-2-1-1,3室2厅1卫,96.86,94-97㎡,低,33,南,否,有装修,104.8,10820,10820
59,15,已过户,2025-10-01,3-2-1-2,3室2厅2卫,116.04,106-117㎡,高,33,南,否,有装修,153.5,13228,13228
60,15,已过户,2025-09-28,1-1-0-1,1室1厅1卫,37.3,60㎡以下,中,22,北,否,毛坯,30,8043,8043
61,16,已过户,2025-09-13,3-2-1-1,3室2厅1卫,96.39,94-97㎡,低,33,南,否,有装修,102,10582,10582
62,16,已过户,2025-09-12,3-2-1-2,3室2厅2卫,116.4,106-117㎡,中,33,"南,北",是,有装修,158,13574,13574
63,16,已过户,2025-09-11,3-2-1-2,3室2厅2卫,113.37,106-117㎡,中,33,"东南,南",否,有装修,160,14113,14113
64,16,已过户,2025-09-09,3-2-1-2,3室2厅2卫,115.97,106-117㎡,高,33,"南,北",是,有装修,160.7,13857,13857
65,17,已过户,2025-07-20,3-2-1-1,3室2厅1卫,115.97,106-117㎡,中,33,南,否,有装修,167,14400,14400
66,17,已过户,2025-07-01,3-2-1-2,3室2厅2卫,116.4,106-117㎡,中,33,南,否,有装修,169,14519,14519
67,17,已过户,2025-06-18,3-2-1-1,3室2厅1卫,94.86,94-97㎡,中,33,南,否,有装修,117,12334,12334
68,17,已过户,2025-06-05,3-2-1-2,3室2厅2卫,113.37,106-117㎡,低,33,南,否,有装修,160,14113,14113
69,18,已过户,2025-06-02,3-2-1-2,3室2厅2卫,109.99,106-117㎡,中,33,南,否,有装修,158.5,14410,14410
70,18,已过户,2025-06-01,3-2-1-1,3室2厅1卫,96.39,94-97㎡,中,33,南,否,有装修,133,13798,13798
71,18,已过户,2025-05-30,2-1-1-1,2室1厅1卫,75.68,75-77㎡,高,33,南,否,有装修,103.5,13676,13676
72,18,已过户,2025-05-25,2-2-1-1,2室2厅1卫,75.49,75-77㎡,中,33,南,否,户型图,108,14307,14307
73,19,已过户,2025-04-06,3-2-1-2,3室2厅2卫,115.97,106-117㎡,高,33,南,否,有装修,160.9,13874,13874
74,19,已过户,2025-03-30,2-2-1-1,2室2厅1卫,76.1,75-77㎡,高,33,南,否,有装修,106,13929,13929
75,19,已过户,2025-03-30,3-2-1-1,3室2厅1卫,96.4,94-97㎡,低,33,南,否,有装修,132.8,13776,13776
76,19,已过户,2025-03-24,2-2-1-1,2室2厅1卫,76.1,75-77㎡,低,33,南,否,有装修,105.8,13903,13903
77,20,已过户,2025-03-09,3-2-1-2,3室2厅2卫,115.97,106-117㎡,高,33,"南,北",是,有装修,155.8,13435,13435
78,20,已过户,2025-03-08,2-2-1-1,2室2厅1卫,75.69,75-77㎡,高,33,东南,否,有装修,108.8,14374,14374
79,20,已过户,2025-02-25,3-2-1-2,3室2厅2卫,109.99,106-117㎡,中,33,"南,北",是,有装修,172.5,15683,15683
80,20,已过户,2025-02-16,2-2-1-1,2室2厅1卫,75.69,75-77㎡,低,33,南,否,空房(不明),96,12683,12683
